Level	Rule Name	Subject	Property	Value
ERROR	misused_obsolete_label	obsolete abnormal gastrovascular compartment	rdfs:label	obsolete abnormal gastrovascular compartment
ERROR	misused_obsolete_label	obsolete abnormal plane of autonomy	rdfs:label	obsolete abnormal plane of autonomy
ERROR	misused_obsolete_label	obsolete abnormal Schmidtea mediterranea developmental term	rdfs:label	obsolete abnormal Schmidtea mediterranea developmental term
ERROR	misused_obsolete_label	obsolete abnormal dispersed cleavage	rdfs:label	obsolete abnormal dispersed cleavage
ERROR	misused_obsolete_label	obsolete abnormal acidophilic cytoplasm	rdfs:label	obsolete abnormal acidophilic cytoplasm
ERROR	misused_obsolete_label	obsolete abnormal cytoskeleton organization	rdfs:label	obsolete abnormal cytoskeleton organization
ERROR	misused_obsolete_label	obsolete abnormal anatomical compartment subdivision feature	rdfs:label	obsolete abnormal anatomical compartment subdivision feature
ERROR	misused_obsolete_label	obsolete abnormal acellular anatomical structure	rdfs:label	obsolete abnormal acellular anatomical structure
ERROR	misused_obsolete_label	obsolete abnormal parenchymal compartment	rdfs:label	obsolete abnormal parenchymal compartment
ERROR	misused_obsolete_label	obsolete abnormal oviparity	rdfs:label	obsolete abnormal oviparity
ERROR	misused_obsolete_label	obsolete abnormal protosphere	rdfs:label	obsolete abnormal protosphere
ERROR	misused_obsolete_label	obsolete abnormal direct development	rdfs:label	obsolete abnormal direct development
ERROR	misused_obsolete_label	obsolete abnormal tissue morphogenesis	rdfs:label	obsolete abnormal tissue morphogenesis
ERROR	misused_obsolete_label	obsolete abnormal gametogenesis	rdfs:label	obsolete abnormal gametogenesis
ERROR	misused_obsolete_label	obsolete abnormal body wall musculature compartment	rdfs:label	obsolete abnormal body wall musculature compartment
ERROR	misused_obsolete_label	obsolete abnormal ventral compartment	rdfs:label	obsolete abnormal ventral compartment
ERROR	misused_obsolete_label	obsolete abnormal embryonic cleavage	rdfs:label	obsolete abnormal embryonic cleavage
ERROR	misused_obsolete_label	obsolete abnormal definitive anatomical structure	rdfs:label	obsolete abnormal definitive anatomical structure
ERROR	misused_obsolete_label	obsolete abnormal Schmidtea mediterranea developmental stage	rdfs:label	obsolete abnormal Schmidtea mediterranea developmental stage
ERROR	misused_obsolete_label	obsolete abnormal sphere formation	rdfs:label	obsolete abnormal sphere formation
ERROR	misused_obsolete_label	obsolete abnormal basophilic cytoplasm	rdfs:label	obsolete abnormal basophilic cytoplasm
ERROR	misused_obsolete_label	obsolete abnormal coronal plane 	rdfs:label	obsolete abnormal coronal plane 
ERROR	misused_obsolete_label	obsolete abnormal epidermal compartment	rdfs:label	obsolete abnormal epidermal compartment
ERROR	misused_obsolete_label	obsolete abnormal pharynx nerve plexus	rdfs:label	obsolete abnormal pharynx nerve plexus
ERROR	misused_obsolete_label	obsolete abnormal racing stripe	rdfs:label	obsolete abnormal racing stripe
ERROR	misused_obsolete_label	obsolete abnormal cross-fertilization	rdfs:label	obsolete abnormal cross-fertilization
ERROR	label_whitespace	obsolete abnormal coronal plane 	rdfs:label	obsolete abnormal coronal plane 
WARN	duplicate_label_synonym	abnormal morphology of primitive ectoderm surface	oboInOwl:hasExactSynonym	abnormal morphology of primitive ectoderm surface
WARN	duplicate_label_synonym	abnormal morphology of embryonic gut cell surface	oboInOwl:hasExactSynonym	abnormal morphology of embryonic gut cell surface
WARN	duplicate_label_synonym	abnormal morphology of primtive gut cell surface	oboInOwl:hasExactSynonym	abnormal morphology of primtive gut cell surface
WARN	duplicate_label_synonym	skinny head	oboInOwl:hasExactSynonym	skinny head
WARN	duplicate_label_synonym	abnormal morphology of head	oboInOwl:hasExactSynonym	abnormal morphology of head
WARN	duplicate_label_synonym	abnormal morphology of tail	oboInOwl:hasExactSynonym	abnormal morphology of tail
WARN	duplicate_label_synonym	skinny tail	oboInOwl:hasExactSynonym	skinny tail
WARN	duplicate_label_synonym	abnormal number of eyes	oboInOwl:hasExactSynonym	abnormal number of eyes
WARN	duplicate_label_synonym	short tail	oboInOwl:hasExactSynonym	short tail
WARN	duplicate_label_synonym	abnormal number of heads	oboInOwl:hasExactSynonym	abnormal number of heads
WARN	duplicate_label_synonym	abnormal number of tails	oboInOwl:hasExactSynonym	abnormal number of tails
WARN	duplicate_label_synonym	abnormal pigmentation of the epidermis	oboInOwl:hasExactSynonym	abnormal pigmentation of the epidermis
WARN	duplicate_label_synonym	head edema	oboInOwl:hasExactSynonym	head edema
WARN	duplicate_label_synonym	tail edema	oboInOwl:hasExactSynonym	tail edema
WARN	duplicate_label_synonym	abnormal pigmentation of the head	oboInOwl:hasExactSynonym	abnormal pigmentation of the head
WARN	missing_definition	Planarian Phenotype	IAO:0000115	
WARN	missing_definition	obsolete abnormal gastrovascular compartment	IAO:0000115	
WARN	missing_definition	obsolete abnormal plane of autonomy	IAO:0000115	
WARN	missing_definition	obsolete abnormal Schmidtea mediterranea developmental term	IAO:0000115	
WARN	missing_definition	obsolete abnormal dispersed cleavage	IAO:0000115	
WARN	missing_definition	obsolete abnormal acidophilic cytoplasm	IAO:0000115	
WARN	missing_definition	obsolete abnormal cytoskeleton organization	IAO:0000115	
WARN	missing_definition	obsolete abnormal anatomical compartment subdivision feature	IAO:0000115	
WARN	missing_definition	obsolete abnormal acellular anatomical structure	IAO:0000115	
WARN	missing_definition	obsolete abnormal parenchymal compartment	IAO:0000115	
WARN	missing_definition	obsolete abnormal oviparity	IAO:0000115	
WARN	missing_definition	obsolete abnormal protosphere	IAO:0000115	
WARN	missing_definition	obsolete abnormal direct development	IAO:0000115	
WARN	missing_definition	obsolete abnormal tissue morphogenesis	IAO:0000115	
WARN	missing_definition	obsolete abnormal gametogenesis	IAO:0000115	
WARN	missing_definition	obsolete abnormal body wall musculature compartment	IAO:0000115	
WARN	missing_definition	obsolete abnormal ventral compartment	IAO:0000115	
WARN	missing_definition	obsolete abnormal embryonic cleavage	IAO:0000115	
WARN	missing_definition	obsolete abnormal definitive anatomical structure	IAO:0000115	
WARN	missing_definition	obsolete abnormal Schmidtea mediterranea developmental stage	IAO:0000115	
WARN	missing_definition	obsolete abnormal sphere formation	IAO:0000115	
WARN	missing_definition	obsolete abnormal basophilic cytoplasm	IAO:0000115	
WARN	missing_definition	obsolete abnormal coronal plane 	IAO:0000115	
WARN	missing_definition	obsolete abnormal epidermal compartment	IAO:0000115	
WARN	missing_definition	obsolete abnormal pharynx nerve plexus	IAO:0000115	
WARN	missing_definition	obsolete abnormal racing stripe	IAO:0000115	
WARN	missing_definition	obsolete abnormal cross-fertilization	IAO:0000115	
WARN	missing_xrefs	Planarian Phenotype	oboInOwl:hasDbXref	
WARN	missing_xrefs	abnormal cytoplasmic vesicle part	oboInOwl:hasDbXref	
WARN	missing_xrefs	abnormal medial-lateral axis	oboInOwl:hasDbXref	
WARN	missing_xrefs	abnormal oviduct lumen	oboInOwl:hasDbXref	
WARN	missing_xrefs	abnormal Category 4 cell	oboInOwl:hasDbXref	
WARN	missing_xrefs	abnormal zygote	oboInOwl:hasDbXref	
WARN	missing_xrefs	abnormal male primordial germ cell	oboInOwl:hasDbXref	
WARN	missing_xrefs	abnormal yolk cell	oboInOwl:hasDbXref	
WARN	missing_xrefs	abnormal fission plane	oboInOwl:hasDbXref	
WARN	missing_xrefs	abnormal central nervous system neuron	oboInOwl:hasDbXref	
WARN	missing_xrefs	abnormal pharynx musculature	oboInOwl:hasDbXref	
WARN	missing_xrefs	abnormal collecting duct	oboInOwl:hasDbXref	
WARN	missing_xrefs	abnormal nucleolus	oboInOwl:hasDbXref	
WARN	missing_xrefs	abnormal outer longitudinal muscle cell	oboInOwl:hasDbXref	
WARN	missing_xrefs	abnormal tail stripe	oboInOwl:hasDbXref	
WARN	missing_xrefs	obsolete abnormal gastrovascular compartment	oboInOwl:hasDbXref	
WARN	missing_xrefs	abnormal Smed sexual biotype	oboInOwl:hasDbXref	
WARN	missing_xrefs	abnormal rough endoplasmic reticulum	oboInOwl:hasDbXref	
WARN	missing_xrefs	abnormal renal system	oboInOwl:hasDbXref	
WARN	missing_xrefs	abnormal brain commissure	oboInOwl:hasDbXref	
WARN	missing_xrefs	abnormal oviduct	oboInOwl:hasDbXref	
WARN	missing_xrefs	abnormal primitive ectoderm surface	oboInOwl:hasDbXref	
WARN	missing_xrefs	abnormal neoblast	oboInOwl:hasDbXref	
WARN	missing_xrefs	abnormal reproductive system product	oboInOwl:hasDbXref	
WARN	missing_xrefs	abnormal pharynx inner longitudinal muscle cell	oboInOwl:hasDbXref	
WARN	missing_xrefs	abnormal tail	oboInOwl:hasDbXref	
WARN	missing_xrefs	abnormal prepharyngeal region	oboInOwl:hasDbXref	
WARN	missing_xrefs	abnormal extracellular organelle	oboInOwl:hasDbXref	
WARN	missing_xrefs	abnormal distal tubule epithelial cell	oboInOwl:hasDbXref	
WARN	missing_xrefs	abnormal proximal tubule	oboInOwl:hasDbXref	
WARN	missing_xrefs	abnormal organ	oboInOwl:hasDbXref	
WARN	missing_xrefs	abnormal pigment cup cell	oboInOwl:hasDbXref	
WARN	missing_xrefs	abnormal glial cell	oboInOwl:hasDbXref	
WARN	missing_xrefs	abnormal eye	oboInOwl:hasDbXref	
WARN	missing_xrefs	abnormal goblet cell	oboInOwl:hasDbXref	
WARN	missing_xrefs	abnormal gastrodermis surface	oboInOwl:hasDbXref	
WARN	missing_xrefs	obsolete abnormal plane of autonomy	oboInOwl:hasDbXref	
WARN	missing_xrefs	abnormal bipolar neuron	oboInOwl:hasDbXref	
WARN	missing_xrefs	abnormal definitive pharynx	oboInOwl:hasDbXref	
WARN	missing_xrefs	abnormal ventral epidermis	oboInOwl:hasDbXref	
WARN	missing_xrefs	abnormal cintillo+ sensory neuron	oboInOwl:hasDbXref	
WARN	missing_xrefs	abnormal pharynx lumen	oboInOwl:hasDbXref	
WARN	missing_xrefs	abnormal sigma neoblast	oboInOwl:hasDbXref	
WARN	missing_xrefs	abnormal inner longitudinal muscle cell	oboInOwl:hasDbXref	
WARN	missing_xrefs	abnormal pharynx epithelium	oboInOwl:hasDbXref	
WARN	missing_xrefs	abnormal extraembryonic cell	oboInOwl:hasDbXref	
WARN	missing_xrefs	abnormal head	oboInOwl:hasDbXref	
WARN	missing_xrefs	obsolete abnormal Schmidtea mediterranea developmental term	oboInOwl:hasDbXref	
WARN	missing_xrefs	obsolete abnormal dispersed cleavage	oboInOwl:hasDbXref	
WARN	missing_xrefs	abnormal copulatory apparatus	oboInOwl:hasDbXref	
WARN	missing_xrefs	abnormal intracellular non-membrane-bounded organelle	oboInOwl:hasDbXref	
WARN	missing_xrefs	abnormal Stage 1	oboInOwl:hasDbXref	
WARN	missing_xrefs	abnormal autonomic neuron	oboInOwl:hasDbXref	
WARN	missing_xrefs	abnormal basal surface of the epidermis	oboInOwl:hasDbXref	
WARN	missing_xrefs	obsolete abnormal acidophilic cytoplasm	oboInOwl:hasDbXref	
WARN	missing_xrefs	abnormal embryonic gut cell	oboInOwl:hasDbXref	
WARN	missing_xrefs	abnormal rhabdite	oboInOwl:hasDbXref	
WARN	missing_xrefs	abnormal protonephridia	oboInOwl:hasDbXref	
WARN	missing_xrefs	abnormal round spermatid	oboInOwl:hasDbXref	
WARN	missing_xrefs	abnormal basal lamina of epithelium	oboInOwl:hasDbXref	
WARN	missing_xrefs	abnormal mechanoreceptor cell	oboInOwl:hasDbXref	
WARN	missing_xrefs	abnormal Stage 6	oboInOwl:hasDbXref	
WARN	missing_xrefs	abnormal pharynx outer nerve plexus	oboInOwl:hasDbXref	
WARN	missing_xrefs	obsolete abnormal cytoskeleton organization	oboInOwl:hasDbXref	
WARN	missing_xrefs	obsolete abnormal anatomical compartment subdivision feature	oboInOwl:hasDbXref	
WARN	missing_xrefs	abnormal peripheral nervous system neuron	oboInOwl:hasDbXref	
WARN	missing_xrefs	abnormal embryonic digestive system	oboInOwl:hasDbXref	
WARN	missing_xrefs	abnormal muscle cell	oboInOwl:hasDbXref	
WARN	missing_xrefs	abnormal dopaminergic neuron	oboInOwl:hasDbXref	
WARN	missing_xrefs	abnormal aboral hemisphere	oboInOwl:hasDbXref	
WARN	missing_xrefs	abnormal cell-cell adhesion	oboInOwl:hasDbXref	
WARN	missing_xrefs	abnormal nuclear pore	oboInOwl:hasDbXref	
WARN	missing_xrefs	abnormal sensory cell	oboInOwl:hasDbXref	
WARN	missing_xrefs	abnormal ribosome	oboInOwl:hasDbXref	
WARN	missing_xrefs	obsolete abnormal acellular anatomical structure	oboInOwl:hasDbXref	
WARN	missing_xrefs	abnormal gamma neoblast	oboInOwl:hasDbXref	
WARN	missing_xrefs	obsolete abnormal parenchymal compartment	oboInOwl:hasDbXref	
WARN	missing_xrefs	abnormal posterior pole	oboInOwl:hasDbXref	
WARN	missing_xrefs	abnormal oocyte	oboInOwl:hasDbXref	
WARN	missing_xrefs	abnormal sperm duct epithelium	oboInOwl:hasDbXref	
WARN	missing_xrefs	abnormal gamete	oboInOwl:hasDbXref	
WARN	missing_xrefs	abnormal embryonic pharynx	oboInOwl:hasDbXref	
WARN	missing_xrefs	abnormal cell-cell contact zone	oboInOwl:hasDbXref	
WARN	missing_xrefs	abnormal releasing gland cell	oboInOwl:hasDbXref	
WARN	missing_xrefs	abnormal testis somatic gonadal cell	oboInOwl:hasDbXref	
WARN	missing_xrefs	abnormal bursal canal	oboInOwl:hasDbXref	
WARN	missing_xrefs	abnormal lateral branch	oboInOwl:hasDbXref	
WARN	missing_xrefs	abnormal dorsal stripe	oboInOwl:hasDbXref	
WARN	missing_xrefs	abnormal embryonic structure	oboInOwl:hasDbXref	
WARN	missing_xrefs	abnormal epidermal progenitor cell	oboInOwl:hasDbXref	
WARN	missing_xrefs	abnormal chromatin	oboInOwl:hasDbXref	
WARN	missing_xrefs	abnormal Stage 4	oboInOwl:hasDbXref	
WARN	missing_xrefs	abnormal anchor cell	oboInOwl:hasDbXref	
WARN	missing_xrefs	abnormal klf+ sensory neuron progenitor cell	oboInOwl:hasDbXref	
WARN	missing_xrefs	abnormal optic chiasm	oboInOwl:hasDbXref	
WARN	missing_xrefs	abnormal primitive ectoderm cell	oboInOwl:hasDbXref	
WARN	missing_xrefs	abnormal oviduct epithelial cell	oboInOwl:hasDbXref	
WARN	missing_xrefs	abnormal male germ cell	oboInOwl:hasDbXref	
WARN	missing_xrefs	abnormal longitudinal muscle cell	oboInOwl:hasDbXref	
WARN	missing_xrefs	abnormal oral opening	oboInOwl:hasDbXref	
WARN	missing_xrefs	abnormal membrane-bounded organelle	oboInOwl:hasDbXref	
WARN	missing_xrefs	abnormal spermatogonium	oboInOwl:hasDbXref	
WARN	missing_xrefs	abnormal dorsal epidermis	oboInOwl:hasDbXref	
WARN	missing_xrefs	abnormal seminal vesicle	oboInOwl:hasDbXref	
WARN	missing_xrefs	abnormal extraembryonic structure	oboInOwl:hasDbXref	
WARN	missing_xrefs	abnormal Stage 3	oboInOwl:hasDbXref	
WARN	missing_xrefs	abnormal adhesion gland	oboInOwl:hasDbXref	
WARN	missing_xrefs	abnormal neural progenitor	oboInOwl:hasDbXref	
WARN	missing_xrefs	abnormal yolk syncytium	oboInOwl:hasDbXref	
WARN	missing_xrefs	abnormal plasma membrane	oboInOwl:hasDbXref	
WARN	missing_xrefs	abnormal cytoplasmic part	oboInOwl:hasDbXref	
WARN	missing_xrefs	abnormal unipolar neuron	oboInOwl:hasDbXref	
WARN	missing_xrefs	abnormal cephalic ganglia	oboInOwl:hasDbXref	
WARN	missing_xrefs	abnormal ciliated epithelial cell	oboInOwl:hasDbXref	
WARN	missing_xrefs	abnormal sperm duct	oboInOwl:hasDbXref	
WARN	missing_xrefs	abnormal anterior pole progenitor cell	oboInOwl:hasDbXref	
WARN	missing_xrefs	abnormal anterior-posterior axis	oboInOwl:hasDbXref	
WARN	missing_xrefs	abnormal plasma membrane part	oboInOwl:hasDbXref	
WARN	missing_xrefs	abnormal embryonic pharynx circular muscle cell	oboInOwl:hasDbXref	
WARN	missing_xrefs	abnormal submuscular nerve plexus	oboInOwl:hasDbXref	
WARN	missing_xrefs	abnormal female primordial germ cell	oboInOwl:hasDbXref	
WARN	missing_xrefs	abnormal photoreceptor neuron	oboInOwl:hasDbXref	
WARN	missing_xrefs	abnormal asexual adult	oboInOwl:hasDbXref	
WARN	missing_xrefs	abnormal gonad	oboInOwl:hasDbXref	
WARN	missing_xrefs	abnormal ventral nerve cord	oboInOwl:hasDbXref	
WARN	missing_xrefs	abnormal embryonic wall	oboInOwl:hasDbXref	
WARN	missing_xrefs	abnormal testis nerve plexus	oboInOwl:hasDbXref	
WARN	missing_xrefs	abnormal pharynx radial muscle cell	oboInOwl:hasDbXref	
WARN	missing_xrefs	abnormal clonogenic neoblast	oboInOwl:hasDbXref	
WARN	missing_xrefs	abnormal nuclear part	oboInOwl:hasDbXref	
WARN	missing_xrefs	abnormal sensory system	oboInOwl:hasDbXref	
WARN	missing_xrefs	abnormal gut	oboInOwl:hasDbXref	
WARN	missing_xrefs	abnormal dorsal ventral margin	oboInOwl:hasDbXref	
WARN	missing_xrefs	abnormal ovary	oboInOwl:hasDbXref	
WARN	missing_xrefs	abnormal GABAergic neuron	oboInOwl:hasDbXref	
WARN	missing_xrefs	abnormal electrically responsive cell	oboInOwl:hasDbXref	
WARN	missing_xrefs	abnormal pharynx pouch	oboInOwl:hasDbXref	
WARN	missing_xrefs	abnormal musculature system	oboInOwl:hasDbXref	
WARN	missing_xrefs	abnormal actin-based cell projection	oboInOwl:hasDbXref	
WARN	missing_xrefs	abnormal efferent neuron	oboInOwl:hasDbXref	
WARN	missing_xrefs	abnormal embryonic pharynx lumen	oboInOwl:hasDbXref	
WARN	missing_xrefs	abnormal non-membrane-bounded organelle	oboInOwl:hasDbXref	
WARN	missing_xrefs	abnormal parapharyngeal region	oboInOwl:hasDbXref	
WARN	missing_xrefs	abnormal oral hemisphere	oboInOwl:hasDbXref	
WARN	missing_xrefs	abnormal electrically signaling cell	oboInOwl:hasDbXref	
WARN	missing_xrefs	abnormal visual system	oboInOwl:hasDbXref	
WARN	missing_xrefs	abnormal nervous system	oboInOwl:hasDbXref	
WARN	missing_xrefs	abnormal nucleus	oboInOwl:hasDbXref	
WARN	missing_xrefs	obsolete abnormal oviparity	oboInOwl:hasDbXref	
WARN	missing_xrefs	abnormal anatomical system	oboInOwl:hasDbXref	
WARN	missing_xrefs	obsolete abnormal protosphere	oboInOwl:hasDbXref	
WARN	missing_xrefs	abnormal gland cell	oboInOwl:hasDbXref	
WARN	missing_xrefs	abnormal bounding membrane of organelle	oboInOwl:hasDbXref	
WARN	missing_xrefs	abnormal Category 3 cell	oboInOwl:hasDbXref	
WARN	missing_xrefs	abnormal gastrodermis	oboInOwl:hasDbXref	
WARN	missing_xrefs	abnormal non ciliated epithelial cell	oboInOwl:hasDbXref	
WARN	missing_xrefs	abnormal pharynx longitudinal muscle cell	oboInOwl:hasDbXref	
WARN	missing_xrefs	abnormal left-right axis	oboInOwl:hasDbXref	
WARN	missing_xrefs	abnormal trail cell	oboInOwl:hasDbXref	
WARN	missing_xrefs	abnormal blastomere	oboInOwl:hasDbXref	
WARN	missing_xrefs	abnormal oogonial cell	oboInOwl:hasDbXref	
WARN	missing_xrefs	abnormal Stage 8	oboInOwl:hasDbXref	
WARN	missing_xrefs	abnormal copulatory region	oboInOwl:hasDbXref	
WARN	missing_xrefs	abnormal Golgi apparatus	oboInOwl:hasDbXref	
WARN	missing_xrefs	abnormal spermatid	oboInOwl:hasDbXref	
WARN	missing_xrefs	abnormal definitive organism subdivision	oboInOwl:hasDbXref	
WARN	missing_xrefs	obsolete abnormal direct development	oboInOwl:hasDbXref	
WARN	missing_xrefs	abnormal vitelline gland	oboInOwl:hasDbXref	
WARN	missing_xrefs	abnormal embryonic pharynx neuron	oboInOwl:hasDbXref	
WARN	missing_xrefs	abnormal membrane	oboInOwl:hasDbXref	
WARN	missing_xrefs	abnormal flame cell	oboInOwl:hasDbXref	
WARN	missing_xrefs	abnormal cytoplasm	oboInOwl:hasDbXref	
WARN	missing_xrefs	abnormal oral-aboral axis	oboInOwl:hasDbXref	
WARN	missing_xrefs	abnormal zeta neoblast	oboInOwl:hasDbXref	
WARN	missing_xrefs	obsolete abnormal tissue morphogenesis	oboInOwl:hasDbXref	
WARN	missing_xrefs	abnormal juvenile	oboInOwl:hasDbXref	
WARN	missing_xrefs	abnormal central nervous system	oboInOwl:hasDbXref	
WARN	missing_xrefs	abnormal pharynx inner circular muscle cell	oboInOwl:hasDbXref	
WARN	missing_xrefs	obsolete abnormal gametogenesis	oboInOwl:hasDbXref	
WARN	missing_xrefs	obsolete abnormal body wall musculature compartment	oboInOwl:hasDbXref	
WARN	missing_xrefs	abnormal motor neuron	oboInOwl:hasDbXref	
WARN	missing_xrefs	abnormal apical surface of the epidermis	oboInOwl:hasDbXref	
WARN	missing_xrefs	abnormal tuba	oboInOwl:hasDbXref	
WARN	missing_xrefs	abnormal posterior primary gut branch	oboInOwl:hasDbXref	
WARN	missing_xrefs	abnormal epithelial cell component	oboInOwl:hasDbXref	
WARN	missing_xrefs	abnormal spermatogonial stem cell	oboInOwl:hasDbXref	
WARN	missing_xrefs	abnormal ovary nerve plexus	oboInOwl:hasDbXref	
WARN	missing_xrefs	abnormal midline	oboInOwl:hasDbXref	
WARN	missing_xrefs	abnormal pharynx inner nerve plexus	oboInOwl:hasDbXref	
WARN	missing_xrefs	obsolete abnormal ventral compartment	oboInOwl:hasDbXref	
WARN	missing_xrefs	abnormal parenchymal musculature	oboInOwl:hasDbXref	
WARN	missing_xrefs	abnormal neuron projection bundle	oboInOwl:hasDbXref	
WARN	missing_xrefs	obsolete abnormal embryonic cleavage	oboInOwl:hasDbXref	
WARN	missing_xrefs	obsolete abnormal definitive anatomical structure	oboInOwl:hasDbXref	
WARN	missing_xrefs	abnormal anatomical region	oboInOwl:hasDbXref	
WARN	missing_xrefs	obsolete abnormal Schmidtea mediterranea developmental stage	oboInOwl:hasDbXref	
WARN	missing_xrefs	abnormal Category 2 cell	oboInOwl:hasDbXref	
WARN	missing_xrefs	abnormal cell-cell junction	oboInOwl:hasDbXref	
WARN	missing_xrefs	abnormal TrpA+ central nervous system neuron	oboInOwl:hasDbXref	
WARN	missing_xrefs	abnormal smooth endoplasmic reticulum	oboInOwl:hasDbXref	
WARN	missing_xrefs	abnormal terminally differentiated cell	oboInOwl:hasDbXref	
WARN	missing_xrefs	abnormal basophilic gland cell	oboInOwl:hasDbXref	
WARN	missing_xrefs	abnormal primordium	oboInOwl:hasDbXref	
WARN	missing_xrefs	abnormal euchromatin	oboInOwl:hasDbXref	
WARN	missing_xrefs	abnormal proximal tubule epithelial cell	oboInOwl:hasDbXref	
WARN	missing_xrefs	abnormal anterior pole	oboInOwl:hasDbXref	
WARN	missing_xrefs	abnormal oviduct epithelium	oboInOwl:hasDbXref	
WARN	missing_xrefs	abnormal testis	oboInOwl:hasDbXref	
WARN	missing_xrefs	abnormal Category 5 cell	oboInOwl:hasDbXref	
WARN	missing_xrefs	abnormal stem cell	oboInOwl:hasDbXref	
WARN	missing_xrefs	abnormal digestive system	oboInOwl:hasDbXref	
WARN	missing_xrefs	abnormal viscid gland cell	oboInOwl:hasDbXref	
WARN	missing_xrefs	abnormal germ cell	oboInOwl:hasDbXref	
WARN	missing_xrefs	abnormal embryo	oboInOwl:hasDbXref	
WARN	missing_xrefs	abnormal anterior commissure	oboInOwl:hasDbXref	
WARN	missing_xrefs	abnormal acidophilic gland cell	oboInOwl:hasDbXref	
WARN	missing_xrefs	abnormal tuba lumen	oboInOwl:hasDbXref	
WARN	missing_xrefs	abnormal Stage 5	oboInOwl:hasDbXref	
WARN	missing_xrefs	abnormal embryonic gut cavity	oboInOwl:hasDbXref	
WARN	missing_xrefs	abnormal pharynx pouch epithelial surface	oboInOwl:hasDbXref	
WARN	missing_xrefs	abnormal embryonic gut cell surface	oboInOwl:hasDbXref	
WARN	missing_xrefs	abnormal vacuole	oboInOwl:hasDbXref	
WARN	missing_xrefs	abnormal proximal-distal axis	oboInOwl:hasDbXref	
WARN	missing_xrefs	abnormal sperm duct lumen	oboInOwl:hasDbXref	
WARN	missing_xrefs	abnormal neuron associated cell (sensu Nematoda and Protostomia)	oboInOwl:hasDbXref	
WARN	missing_xrefs	abnormal progenitor cell	oboInOwl:hasDbXref	
WARN	missing_xrefs	abnormal biotype	oboInOwl:hasDbXref	
WARN	missing_xrefs	abnormal organelle	oboInOwl:hasDbXref	
WARN	missing_xrefs	abnormal embryonic subdivision	oboInOwl:hasDbXref	
WARN	missing_xrefs	abnormal neurosecretory neuron	oboInOwl:hasDbXref	
WARN	missing_xrefs	abnormal epithelial cell	oboInOwl:hasDbXref	
WARN	missing_xrefs	abnormal serotonergic neuron	oboInOwl:hasDbXref	
WARN	missing_xrefs	abnormal muscle progenitor	oboInOwl:hasDbXref	
WARN	missing_xrefs	abnormal endoplasmic reticulum	oboInOwl:hasDbXref	
WARN	missing_xrefs	abnormal distal tubule	oboInOwl:hasDbXref	
WARN	missing_xrefs	abnormal copulatory bursa	oboInOwl:hasDbXref	
WARN	missing_xrefs	abnormal esophagus	oboInOwl:hasDbXref	
WARN	missing_xrefs	abnormal secondary gut branch	oboInOwl:hasDbXref	
WARN	missing_xrefs	abnormal Stage 2	oboInOwl:hasDbXref	
WARN	missing_xrefs	abnormal protonephridial progenitor	oboInOwl:hasDbXref	
WARN	missing_xrefs	abnormal ventral midline	oboInOwl:hasDbXref	
WARN	missing_xrefs	obsolete abnormal sphere formation	oboInOwl:hasDbXref	
WARN	missing_xrefs	obsolete abnormal basophilic cytoplasm	oboInOwl:hasDbXref	
WARN	missing_xrefs	abnormal primtive gut cell surface	oboInOwl:hasDbXref	
WARN	missing_xrefs	abnormal egg capsule	oboInOwl:hasDbXref	
WARN	missing_xrefs	abnormal multipolar neuron	oboInOwl:hasDbXref	
WARN	missing_xrefs	abnormal secretory cell	oboInOwl:hasDbXref	
WARN	missing_xrefs	abnormal pharynx outer longitudinal muscle cell	oboInOwl:hasDbXref	
WARN	missing_xrefs	abnormal penis papilla	oboInOwl:hasDbXref	
WARN	missing_xrefs	abnormal TrpA+ neural progenitor cell	oboInOwl:hasDbXref	
WARN	missing_xrefs	abnormal interneuron	oboInOwl:hasDbXref	
WARN	missing_xrefs	abnormal subepidermal nerve plexus	oboInOwl:hasDbXref	
WARN	missing_xrefs	abnormal longitudinal muscle progenitor cell	oboInOwl:hasDbXref	
WARN	missing_xrefs	abnormal microvillus	oboInOwl:hasDbXref	
WARN	missing_xrefs	abnormal adult hermaphrodite	oboInOwl:hasDbXref	
WARN	missing_xrefs	abnormal mitochondrion	oboInOwl:hasDbXref	
WARN	missing_xrefs	abnormal enteric musculature	oboInOwl:hasDbXref	
WARN	missing_xrefs	obsolete abnormal coronal plane 	oboInOwl:hasDbXref	
WARN	missing_xrefs	abnormal dorsal midline	oboInOwl:hasDbXref	
WARN	missing_xrefs	abnormal ganglion	oboInOwl:hasDbXref	
WARN	missing_xrefs	abnormal pharynx lumen epithelial surface	oboInOwl:hasDbXref	
WARN	missing_xrefs	abnormal sperm	oboInOwl:hasDbXref	
WARN	missing_xrefs	abnormal serotonergic neural progenitor cell	oboInOwl:hasDbXref	
WARN	missing_xrefs	abnormal nerve plexus	oboInOwl:hasDbXref	
WARN	missing_xrefs	abnormal reproductive system	oboInOwl:hasDbXref	
WARN	missing_xrefs	abnormal afferent neuron	oboInOwl:hasDbXref	
WARN	missing_xrefs	abnormal neuropil	oboInOwl:hasDbXref	
WARN	missing_xrefs	abnormal intestinal phagocyte	oboInOwl:hasDbXref	
WARN	missing_xrefs	abnormal anterior primary gut branch	oboInOwl:hasDbXref	
WARN	missing_xrefs	abnormal intracellular part	oboInOwl:hasDbXref	
WARN	missing_xrefs	obsolete abnormal epidermal compartment	oboInOwl:hasDbXref	
WARN	missing_xrefs	abnormal digestive tract lumen	oboInOwl:hasDbXref	
WARN	missing_xrefs	obsolete abnormal pharynx nerve plexus	oboInOwl:hasDbXref	
WARN	missing_xrefs	abnormal cell	oboInOwl:hasDbXref	
WARN	missing_xrefs	abnormal axon tract	oboInOwl:hasDbXref	
WARN	missing_xrefs	abnormal peripheral nervous system	oboInOwl:hasDbXref	
WARN	missing_xrefs	abnormal cell projection	oboInOwl:hasDbXref	
WARN	missing_xrefs	abnormal commissural neuron	oboInOwl:hasDbXref	
WARN	missing_xrefs	abnormal pax3/7+ neural progenitor cell	oboInOwl:hasDbXref	
WARN	missing_xrefs	abnormal tissue	oboInOwl:hasDbXref	
WARN	missing_xrefs	abnormal intracellular organelle	oboInOwl:hasDbXref	
WARN	missing_xrefs	abnormal secretory vesicle	oboInOwl:hasDbXref	
WARN	missing_xrefs	abnormal optic cup	oboInOwl:hasDbXref	
WARN	missing_xrefs	abnormal pharynx circular muscle cell	oboInOwl:hasDbXref	
WARN	missing_xrefs	abnormal enteric neuron	oboInOwl:hasDbXref	
WARN	missing_xrefs	abnormal embryonic cell	oboInOwl:hasDbXref	
WARN	missing_xrefs	abnormal Smed asexual biotype	oboInOwl:hasDbXref	
WARN	missing_xrefs	abnormal integumental system	oboInOwl:hasDbXref	
WARN	missing_xrefs	abnormal cement gland	oboInOwl:hasDbXref	
WARN	missing_xrefs	abnormal secretory system	oboInOwl:hasDbXref	
WARN	missing_xrefs	abnormal elongate spermatid	oboInOwl:hasDbXref	
WARN	missing_xrefs	abnormal lysosome	oboInOwl:hasDbXref	
WARN	missing_xrefs	abnormal membrane part	oboInOwl:hasDbXref	
WARN	missing_xrefs	abnormal Stage 7	oboInOwl:hasDbXref	
WARN	missing_xrefs	abnormal body wall musculature	oboInOwl:hasDbXref	
WARN	missing_xrefs	abnormal dorsal-ventral axis	oboInOwl:hasDbXref	
WARN	missing_xrefs	abnormal embryonic pharynx lumen epithelial surface	oboInOwl:hasDbXref	
WARN	missing_xrefs	abnormal pharynx inner epithelium	oboInOwl:hasDbXref	
WARN	missing_xrefs	abnormal circular muscle cell	oboInOwl:hasDbXref	
WARN	missing_xrefs	abnormal intracellular membrane-bounded organelle	oboInOwl:hasDbXref	
WARN	missing_xrefs	abnormal oogonial stem cell	oboInOwl:hasDbXref	
WARN	missing_xrefs	abnormal octopaminergic neuron	oboInOwl:hasDbXref	
WARN	missing_xrefs	abnormal gonopore	oboInOwl:hasDbXref	
WARN	missing_xrefs	abnormal flame bulb	oboInOwl:hasDbXref	
WARN	missing_xrefs	abnormal cholinergic neuron	oboInOwl:hasDbXref	
WARN	missing_xrefs	abnormal visceral musculature	oboInOwl:hasDbXref	
WARN	missing_xrefs	abnormal multicellular anatomical structure	oboInOwl:hasDbXref	
WARN	missing_xrefs	abnormal tertiary gut branch	oboInOwl:hasDbXref	
WARN	missing_xrefs	abnormal lateral nerve	oboInOwl:hasDbXref	
WARN	missing_xrefs	abnormal pharynx outer circular muscle cell	oboInOwl:hasDbXref	
WARN	missing_xrefs	abnormal transverse commissure	oboInOwl:hasDbXref	
WARN	missing_xrefs	abnormal sensory neuron	oboInOwl:hasDbXref	
WARN	missing_xrefs	abnormal gastrodermal plexus	oboInOwl:hasDbXref	
WARN	missing_xrefs	abnormal cell junction	oboInOwl:hasDbXref	
WARN	missing_xrefs	abnormal primitive gut cell	oboInOwl:hasDbXref	
WARN	missing_xrefs	abnormal ectolecithal embryo	oboInOwl:hasDbXref	
WARN	missing_xrefs	abnormal epidermis	oboInOwl:hasDbXref	
WARN	missing_xrefs	abnormal nu neoblast	oboInOwl:hasDbXref	
WARN	missing_xrefs	abnormal ovarian somatic gonadal cell	oboInOwl:hasDbXref	
WARN	missing_xrefs	abnormal sperm duct epithelial cell	oboInOwl:hasDbXref	
WARN	missing_xrefs	abnormal primitive ectoderm	oboInOwl:hasDbXref	
WARN	missing_xrefs	abnormal pharynx outer epithelium	oboInOwl:hasDbXref	
WARN	missing_xrefs	abnormal female germ cell	oboInOwl:hasDbXref	
WARN	missing_xrefs	abnormal collecting duct epithelial cell	oboInOwl:hasDbXref	
WARN	missing_xrefs	abnormal mouth	oboInOwl:hasDbXref	
WARN	missing_xrefs	abnormal circular muscle progenitor cell	oboInOwl:hasDbXref	
WARN	missing_xrefs	abnormal embryonic pharynx epithelial cell	oboInOwl:hasDbXref	
WARN	missing_xrefs	abnormal pharynx pouch cavity	oboInOwl:hasDbXref	
WARN	missing_xrefs	abnormal spermatocyte	oboInOwl:hasDbXref	
WARN	missing_xrefs	abnormal pharynx progenitor cell	oboInOwl:hasDbXref	
WARN	missing_xrefs	obsolete abnormal racing stripe	oboInOwl:hasDbXref	
WARN	missing_xrefs	abnormal excitatory motor neuron	oboInOwl:hasDbXref	
WARN	missing_xrefs	abnormal neuron	oboInOwl:hasDbXref	
WARN	missing_xrefs	abnormal diagonal muscle cell	oboInOwl:hasDbXref	
WARN	missing_xrefs	abnormal nerve	oboInOwl:hasDbXref	
WARN	missing_xrefs	abnormal sympathetic neuron	oboInOwl:hasDbXref	
WARN	missing_xrefs	obsolete abnormal cross-fertilization	oboInOwl:hasDbXref	
WARN	missing_xrefs	abnormal secretory pore	oboInOwl:hasDbXref	
WARN	missing_xrefs	abnormal blastema	oboInOwl:hasDbXref	
WARN	missing_xrefs	abnormal embryonic pharynx radial muscle cell	oboInOwl:hasDbXref	
WARN	missing_xrefs	abnormal organelle membrane	oboInOwl:hasDbXref	
WARN	missing_xrefs	abnormal pharynx outer epithelium surface	oboInOwl:hasDbXref	
WARN	missing_xrefs	abnormal morphology of primitive ectoderm surface	oboInOwl:hasDbXref	
WARN	missing_xrefs	abnormal morphology of lumen gut surface	oboInOwl:hasDbXref	
WARN	missing_xrefs	abnormal morphology of basal epidermis surface	oboInOwl:hasDbXref	
WARN	missing_xrefs	abnormal morphology of apical epidermis surface	oboInOwl:hasDbXref	
WARN	missing_xrefs	abnormal morphology of pharyngeal pouch surface	oboInOwl:hasDbXref	
WARN	missing_xrefs	abnormal morphology of embryonic gut cell surface	oboInOwl:hasDbXref	
WARN	missing_xrefs	abnormal morphology of primtive gut cell surface	oboInOwl:hasDbXref	
WARN	missing_xrefs	abnormal morphology of pharynx lumen epithelial surface	oboInOwl:hasDbXref	
WARN	missing_xrefs	abnormal morphology of temporary embryonic pharynx lumen epithelial surface	oboInOwl:hasDbXref	
WARN	missing_xrefs	abnormal morphology of pharynx outer epithelial surface	oboInOwl:hasDbXref	
WARN	missing_xrefs	abormal shape of the ventral region of the animal	oboInOwl:hasDbXref	
WARN	missing_xrefs	ventral curling	oboInOwl:hasDbXref	
WARN	missing_xrefs	pointy head	oboInOwl:hasDbXref	
WARN	missing_xrefs	column-like head	oboInOwl:hasDbXref	
WARN	missing_xrefs	skinny head	oboInOwl:hasDbXref	
WARN	missing_xrefs	pointy tail	oboInOwl:hasDbXref	
WARN	missing_xrefs	abnormal morphology of head	oboInOwl:hasDbXref	
WARN	missing_xrefs	abnormal morphology of tail	oboInOwl:hasDbXref	
WARN	missing_xrefs	abnormal shape of head	oboInOwl:hasDbXref	
WARN	missing_xrefs	abnormal shape of tail	oboInOwl:hasDbXref	
WARN	missing_xrefs	abnormal size of head	oboInOwl:hasDbXref	
WARN	missing_xrefs	abnormal size of tail	oboInOwl:hasDbXref	
WARN	missing_xrefs	skinny tail	oboInOwl:hasDbXref	
WARN	missing_xrefs	star shaped lesion on the head	oboInOwl:hasDbXref	
WARN	missing_xrefs	circular shaped lesion on the head	oboInOwl:hasDbXref	
WARN	missing_xrefs	linear shaped lesion on the head	oboInOwl:hasDbXref	
WARN	missing_xrefs	star shaped lesion on the tail	oboInOwl:hasDbXref	
WARN	missing_xrefs	circular shaped lesion on the tail	oboInOwl:hasDbXref	
WARN	missing_xrefs	linear shaped lesion on the tail	oboInOwl:hasDbXref	
WARN	missing_xrefs	eyes further apart than normae	oboInOwl:hasDbXref	
WARN	missing_xrefs	eyes closer together than normal	oboInOwl:hasDbXref	
WARN	missing_xrefs	abnormal distance between eyes	oboInOwl:hasDbXref	
WARN	missing_xrefs	lesion in the head	oboInOwl:hasDbXref	
WARN	missing_xrefs	lesion in the tail	oboInOwl:hasDbXref	
WARN	missing_xrefs	loss of eyes	oboInOwl:hasDbXref	
WARN	missing_xrefs	abnormal number of eyes	oboInOwl:hasDbXref	
WARN	missing_xrefs	decreased pigmentation of the eyes	oboInOwl:hasDbXref	
WARN	missing_xrefs	loss of pigmentation in the eye	oboInOwl:hasDbXref	
WARN	missing_xrefs	short tail	oboInOwl:hasDbXref	
WARN	missing_xrefs	long head	oboInOwl:hasDbXref	
WARN	missing_xrefs	long tail	oboInOwl:hasDbXref	
WARN	missing_xrefs	wide head	oboInOwl:hasDbXref	
WARN	missing_xrefs	wide tail	oboInOwl:hasDbXref	
WARN	missing_xrefs	abnormal number of heads	oboInOwl:hasDbXref	
WARN	missing_xrefs	more heads	oboInOwl:hasDbXref	
WARN	missing_xrefs	loss of head	oboInOwl:hasDbXref	
WARN	missing_xrefs	abnormal number of tails	oboInOwl:hasDbXref	
WARN	missing_xrefs	more tails	oboInOwl:hasDbXref	
WARN	missing_xrefs	loss of tail	oboInOwl:hasDbXref	
WARN	missing_xrefs	abnormal pigmentation of the eyes	oboInOwl:hasDbXref	
WARN	missing_xrefs	abnormal pigmentation of the epidermis	oboInOwl:hasDbXref	
WARN	missing_xrefs	decreased pigmentation of the epidermis	oboInOwl:hasDbXref	
WARN	missing_xrefs	less eyes	oboInOwl:hasDbXref	
WARN	missing_xrefs	less heads	oboInOwl:hasDbXref	
WARN	missing_xrefs	loss of pigmentation in the epidermis	oboInOwl:hasDbXref	
WARN	missing_xrefs	less tails	oboInOwl:hasDbXref	
WARN	missing_xrefs	more eyes	oboInOwl:hasDbXref	
WARN	missing_xrefs	abnormal whole organism	oboInOwl:hasDbXref	
WARN	missing_xrefs	abnormal regeneration	oboInOwl:hasDbXref	
WARN	missing_xrefs	abnormal Hyman vesicle	oboInOwl:hasDbXref	
WARN	missing_xrefs	abnormal anterior region	oboInOwl:hasDbXref	
WARN	missing_xrefs	abnormal dorsal region	oboInOwl:hasDbXref	
WARN	missing_xrefs	abnormal posterior region	oboInOwl:hasDbXref	
WARN	missing_xrefs	abnormal ventral region	oboInOwl:hasDbXref	
WARN	missing_xrefs	abnormal heterochromatin	oboInOwl:hasDbXref	
WARN	missing_xrefs	abnormal adenal rhabdite	oboInOwl:hasDbXref	
WARN	missing_xrefs	abnormal adherens junction	oboInOwl:hasDbXref	
WARN	missing_xrefs	abnormal adhesive papilla	oboInOwl:hasDbXref	
WARN	missing_xrefs	abnormal amputation	oboInOwl:hasDbXref	
WARN	missing_xrefs	abnormal anterior gut branch	oboInOwl:hasDbXref	
WARN	missing_xrefs	abnormal anterior tip	oboInOwl:hasDbXref	
WARN	missing_xrefs	abnormal antrum	oboInOwl:hasDbXref	
WARN	missing_xrefs	abnormal auricle	oboInOwl:hasDbXref	
WARN	missing_xrefs	abnormal axon	oboInOwl:hasDbXref	
WARN	missing_xrefs	abnormal axoneme	oboInOwl:hasDbXref	
WARN	missing_xrefs	abnormal basal body	oboInOwl:hasDbXref	
WARN	missing_xrefs	abnormal brain visual center	oboInOwl:hasDbXref	
WARN	missing_xrefs	abnormal bulbar cavity	oboInOwl:hasDbXref	
WARN	missing_xrefs	abnormal Category 1 cell	oboInOwl:hasDbXref	
WARN	missing_xrefs	abnormal cell body	oboInOwl:hasDbXref	
WARN	missing_xrefs	abnormal cephalic ganglia lobe	oboInOwl:hasDbXref	
WARN	missing_xrefs	abnormal cephalic ganglia neuron	oboInOwl:hasDbXref	
WARN	missing_xrefs	abnormal chemical amputation	oboInOwl:hasDbXref	
WARN	missing_xrefs	abnormal chemical pharynx amputation	oboInOwl:hasDbXref	
WARN	missing_xrefs	abnormal chemosensory neuron	oboInOwl:hasDbXref	
WARN	missing_xrefs	abnormal chromatoid body	oboInOwl:hasDbXref	
WARN	missing_xrefs	abnormal chromosome	oboInOwl:hasDbXref	
WARN	missing_xrefs	abnormal chromosome arm	oboInOwl:hasDbXref	
WARN	missing_xrefs	abnormal ciliated epithelium	oboInOwl:hasDbXref	
WARN	missing_xrefs	abnormal cilium	oboInOwl:hasDbXref	
WARN	missing_xrefs	abnormal commissure	oboInOwl:hasDbXref	
WARN	missing_xrefs	abnormal cut	oboInOwl:hasDbXref	
WARN	missing_xrefs	abnormal dendrite	oboInOwl:hasDbXref	
WARN	missing_xrefs	abnormal dorsal-ventral muscle cell	oboInOwl:hasDbXref	
WARN	missing_xrefs	abnormal early female germ cell	oboInOwl:hasDbXref	
WARN	missing_xrefs	abnormal early male germ cell	oboInOwl:hasDbXref	
WARN	missing_xrefs	abnormal embryonic gut	oboInOwl:hasDbXref	
WARN	missing_xrefs	abnormal epidermal cell	oboInOwl:hasDbXref	
WARN	missing_xrefs	abnormal epidermal rhabdite	oboInOwl:hasDbXref	
WARN	missing_xrefs	abnormal ER membrane	oboInOwl:hasDbXref	
WARN	missing_xrefs	abnormal eumelanin	oboInOwl:hasDbXref	
WARN	missing_xrefs	abnormal excretory cell	oboInOwl:hasDbXref	
WARN	missing_xrefs	abnormal extracellular matrix	oboInOwl:hasDbXref	
WARN	missing_xrefs	abnormal extracellular space	oboInOwl:hasDbXref	
WARN	missing_xrefs	abnormal fission	oboInOwl:hasDbXref	
WARN	missing_xrefs	abnormal flagellum	oboInOwl:hasDbXref	
WARN	missing_xrefs	abnormal gap junction	oboInOwl:hasDbXref	
WARN	missing_xrefs	abnormal genital atrium	oboInOwl:hasDbXref	
WARN	missing_xrefs	abnormal germ cell cyst	oboInOwl:hasDbXref	
WARN	missing_xrefs	abnormal germline stem cell	oboInOwl:hasDbXref	
WARN	missing_xrefs	abnormal glycogen granule	oboInOwl:hasDbXref	
WARN	missing_xrefs	abnormal incision	oboInOwl:hasDbXref	
WARN	missing_xrefs	abnormal pharynx inner epidermal cell	oboInOwl:hasDbXref	
WARN	missing_xrefs	abnormal inner zone of gland cells	oboInOwl:hasDbXref	
WARN	missing_xrefs	abnormal intercellular junction	oboInOwl:hasDbXref	
WARN	missing_xrefs	abnormal linear amputation	oboInOwl:hasDbXref	
WARN	missing_xrefs	abnormal linear incision	oboInOwl:hasDbXref	
WARN	missing_xrefs	abnormal lipid droplet	oboInOwl:hasDbXref	
WARN	missing_xrefs	abnormal lumen	oboInOwl:hasDbXref	
WARN	missing_xrefs	abnormal marginal adhesive zone	oboInOwl:hasDbXref	
WARN	missing_xrefs	abnormal mechanosensory neuron	oboInOwl:hasDbXref	
WARN	missing_xrefs	abnormal medial muscle cell	oboInOwl:hasDbXref	
WARN	missing_xrefs	abnormal meiotic germ cell	oboInOwl:hasDbXref	
WARN	missing_xrefs	abnormal melanosome	oboInOwl:hasDbXref	
WARN	missing_xrefs	abnormal mucus	oboInOwl:hasDbXref	
WARN	missing_xrefs	abnormal nephridiopore	oboInOwl:hasDbXref	
WARN	missing_xrefs	abnormal neurite	oboInOwl:hasDbXref	
WARN	missing_xrefs	abnormal neuropeptidergic neuron	oboInOwl:hasDbXref	
WARN	missing_xrefs	abnormal non-ciliated epidermis	oboInOwl:hasDbXref	
WARN	missing_xrefs	abnormal nuclear envelope	oboInOwl:hasDbXref	
WARN	missing_xrefs	abnormal nuclear inner membrane	oboInOwl:hasDbXref	
WARN	missing_xrefs	abnormal nuclear lumen	oboInOwl:hasDbXref	
WARN	missing_xrefs	abnormal nuclear outer membrane	oboInOwl:hasDbXref	
WARN	missing_xrefs	abnormal nuclear periphery	oboInOwl:hasDbXref	
WARN	missing_xrefs	abnormal ommochrome pigment cell	oboInOwl:hasDbXref	
WARN	missing_xrefs	abnormal optic nerve	oboInOwl:hasDbXref	
WARN	missing_xrefs	abnormal pharynx outer epidermal cell	oboInOwl:hasDbXref	
WARN	missing_xrefs	abnormal phagocytic cell	oboInOwl:hasDbXref	
WARN	missing_xrefs	abnormal pharynx tip	oboInOwl:hasDbXref	
WARN	missing_xrefs	abnormal pigment cell	oboInOwl:hasDbXref	
WARN	missing_xrefs	abnormal pigment granule	oboInOwl:hasDbXref	
WARN	missing_xrefs	abnormal plug amputation	oboInOwl:hasDbXref	
WARN	missing_xrefs	abnormal point incision	oboInOwl:hasDbXref	
WARN	missing_xrefs	abnormal pore	oboInOwl:hasDbXref	
WARN	missing_xrefs	abnormal post-meiotic germ cell	oboInOwl:hasDbXref	
WARN	missing_xrefs	abnormal postsynaptic cell	oboInOwl:hasDbXref	
WARN	missing_xrefs	abnormal premeiotic germ cell	oboInOwl:hasDbXref	
WARN	missing_xrefs	abnormal presynaptic cell	oboInOwl:hasDbXref	
WARN	missing_xrefs	abnormal presynaptic terminal	oboInOwl:hasDbXref	
WARN	missing_xrefs	abnormal presynaptic vesicle	oboInOwl:hasDbXref	
WARN	missing_xrefs	abnormal primary gut branch	oboInOwl:hasDbXref	
WARN	missing_xrefs	abnormal primitive gut	oboInOwl:hasDbXref	
WARN	missing_xrefs	abnormal quarternary gut branch	oboInOwl:hasDbXref	
WARN	missing_xrefs	abnormal reproductive organ	oboInOwl:hasDbXref	
WARN	missing_xrefs	abnormal reproductive structure	oboInOwl:hasDbXref	
WARN	missing_xrefs	abnormal rhabdome	oboInOwl:hasDbXref	
WARN	missing_xrefs	abnormal rhabdomere	oboInOwl:hasDbXref	
WARN	missing_xrefs	abnormal secretory duct	oboInOwl:hasDbXref	
WARN	missing_xrefs	abnormal secretory granule	oboInOwl:hasDbXref	
WARN	missing_xrefs	abnormal somatic cell	oboInOwl:hasDbXref	
WARN	missing_xrefs	abnormal somatic gonadal cell	oboInOwl:hasDbXref	
WARN	missing_xrefs	abnormal specialized neoblast	oboInOwl:hasDbXref	
WARN	missing_xrefs	abnormal stalk	oboInOwl:hasDbXref	
WARN	missing_xrefs	abnormal surgical wound	oboInOwl:hasDbXref	
WARN	missing_xrefs	abnormal synapse	oboInOwl:hasDbXref	
WARN	missing_xrefs	abnormal synaptic cleft	oboInOwl:hasDbXref	
WARN	missing_xrefs	abnormal synaptic vesicle	oboInOwl:hasDbXref	
WARN	missing_xrefs	abnormal synaptonemal complex	oboInOwl:hasDbXref	
WARN	missing_xrefs	abnormal tail tip	oboInOwl:hasDbXref	
WARN	missing_xrefs	abnormal telomere	oboInOwl:hasDbXref	
WARN	missing_xrefs	abnormal tight junction	oboInOwl:hasDbXref	
WARN	missing_xrefs	abnormal wedge amputation	oboInOwl:hasDbXref	
WARN	missing_xrefs	abnormal wound	oboInOwl:hasDbXref	
WARN	missing_xrefs	abnormal X1 cell	oboInOwl:hasDbXref	
WARN	missing_xrefs	abnormal X1(FS) cell	oboInOwl:hasDbXref	
WARN	missing_xrefs	abnormal X2 cell	oboInOwl:hasDbXref	
WARN	missing_xrefs	abnormal Xins cell	oboInOwl:hasDbXref	
WARN	missing_xrefs	abnormal post-pharyngeal region	oboInOwl:hasDbXref	
WARN	missing_xrefs	abnormal post-blastema region	oboInOwl:hasDbXref	
WARN	missing_xrefs	abnormal fission fragment	oboInOwl:hasDbXref	
WARN	missing_xrefs	abnormal epithelium	oboInOwl:hasDbXref	
WARN	missing_xrefs	abnormal gut branch	oboInOwl:hasDbXref	
WARN	missing_xrefs	abnormal extraembryonic organ	oboInOwl:hasDbXref	
WARN	missing_xrefs	abnormal chromosome:part	oboInOwl:hasDbXref	
WARN	missing_xrefs	abnormal perturbation	oboInOwl:hasDbXref	
WARN	missing_xrefs	abnormal chromosomal:structural:element	oboInOwl:hasDbXref	
WARN	missing_xrefs	abnormal thick fragment	oboInOwl:hasDbXref	
WARN	missing_xrefs	abnormal thin fragment	oboInOwl:hasDbXref	
WARN	missing_xrefs	abnormal fragment	oboInOwl:hasDbXref	
WARN	missing_xrefs	abnormal longitudinal region	oboInOwl:hasDbXref	
WARN	missing_xrefs	abnormal chemical wound	oboInOwl:hasDbXref	
WARN	missing_xrefs	abnormal plug wound	oboInOwl:hasDbXref	
WARN	missing_xrefs	abnormal wedge wound	oboInOwl:hasDbXref	
WARN	missing_xrefs	abnormal regenerating fragment	oboInOwl:hasDbXref	
WARN	missing_xrefs	abnormal sagittal orientation	oboInOwl:hasDbXref	
WARN	missing_xrefs	abnormal parasagittal orientation	oboInOwl:hasDbXref	
WARN	missing_xrefs	abnormal syncytium	oboInOwl:hasDbXref	
WARN	missing_xrefs	abnormal intracellular granule	oboInOwl:hasDbXref	
WARN	missing_xrefs	abnormal FACS sorted cell population	oboInOwl:hasDbXref	
WARN	missing_xrefs	abnormal derived cell population	oboInOwl:hasDbXref	
WARN	missing_xrefs	abnormal pharynx pouch epithelium	oboInOwl:hasDbXref	
WARN	missing_xrefs	abnormal sperm duct epithelial surface	oboInOwl:hasDbXref	
WARN	missing_xrefs	abnormal parenchyma	oboInOwl:hasDbXref	
WARN	missing_xrefs	abnormal testis cell	oboInOwl:hasDbXref	
WARN	missing_xrefs	abnormal ventral epidermis cell	oboInOwl:hasDbXref	
WARN	missing_xrefs	abnormal visual system cell	oboInOwl:hasDbXref	
WARN	missing_xrefs	abnormal eye cell	oboInOwl:hasDbXref	
WARN	missing_xrefs	abnormal enteric muscle cell	oboInOwl:hasDbXref	
WARN	missing_xrefs	abnormal dorsal epidermis cell	oboInOwl:hasDbXref	
WARN	missing_xrefs	abnormal adhesion gland cell	oboInOwl:hasDbXref	
WARN	missing_xrefs	abnormal body wall muscle cell	oboInOwl:hasDbXref	
WARN	missing_xrefs	abnormal gastrodermal cell	oboInOwl:hasDbXref	
WARN	missing_xrefs	abnormal anterior pole cell	oboInOwl:hasDbXref	
WARN	missing_xrefs	abnormal pharynx neuron	oboInOwl:hasDbXref	
WARN	missing_xrefs	abnormal pharynx epithelial cell	oboInOwl:hasDbXref	
WARN	missing_xrefs	abnormal pharynx muscle cell	oboInOwl:hasDbXref	
WARN	missing_xrefs	abnormal pharynx pouch epithelial cell	oboInOwl:hasDbXref	
WARN	missing_xrefs	abnormal melanin pigment granule	oboInOwl:hasDbXref	
WARN	missing_xrefs	abnormal ommochrome pigment granule	oboInOwl:hasDbXref	
WARN	missing_xrefs	abnormal parenchymal cell	oboInOwl:hasDbXref	
WARN	missing_xrefs	abnormal G1 phase neoblast	oboInOwl:hasDbXref	
WARN	missing_xrefs	abnormal S phase neoblast	oboInOwl:hasDbXref	
WARN	missing_xrefs	abnormal G2 phase neoblast	oboInOwl:hasDbXref	
WARN	missing_xrefs	abnormal prophase neoblast	oboInOwl:hasDbXref	
WARN	missing_xrefs	abnormal metaphase neoblast	oboInOwl:hasDbXref	
WARN	missing_xrefs	abnormal anaphase neoblast	oboInOwl:hasDbXref	
WARN	missing_xrefs	abnormal telophase neoblast	oboInOwl:hasDbXref	
WARN	missing_xrefs	abnormal G1 phase spermatogonial stem cell	oboInOwl:hasDbXref	
WARN	missing_xrefs	abnormal S phase spermatogonial stem cell	oboInOwl:hasDbXref	
WARN	missing_xrefs	abnormal G2 phase spermatogonial stem cell	oboInOwl:hasDbXref	
WARN	missing_xrefs	abnormal prophase spermatogonial stem cell	oboInOwl:hasDbXref	
WARN	missing_xrefs	abnormal metaphase spermatogonial stem cell	oboInOwl:hasDbXref	
WARN	missing_xrefs	abnormal anaphase spermatogonial stem cell	oboInOwl:hasDbXref	
WARN	missing_xrefs	abnormal telophase spermatogonial stem cell	oboInOwl:hasDbXref	
WARN	missing_xrefs	abnormal G1 phase oogonial stem cell	oboInOwl:hasDbXref	
WARN	missing_xrefs	abnormal S phase oogonial stem cell	oboInOwl:hasDbXref	
WARN	missing_xrefs	abnormal G2 phase oogonial stem cell	oboInOwl:hasDbXref	
WARN	missing_xrefs	abnormal prophase oogonial stem cell	oboInOwl:hasDbXref	
WARN	missing_xrefs	abnormal metaphase oogonial stem cell	oboInOwl:hasDbXref	
WARN	missing_xrefs	abnormal anaphase oogonial stem cell	oboInOwl:hasDbXref	
WARN	missing_xrefs	abnormal telophase oogonial stem cell	oboInOwl:hasDbXref	
WARN	missing_xrefs	abnormal G1 phase spermatogonium	oboInOwl:hasDbXref	
WARN	missing_xrefs	abnormal S phase spermatogonium	oboInOwl:hasDbXref	
WARN	missing_xrefs	abnormal G2 phase spermatogonium	oboInOwl:hasDbXref	
WARN	missing_xrefs	abnormal prophase spermatogonium	oboInOwl:hasDbXref	
WARN	missing_xrefs	abnormal metaphase spermatogonia	oboInOwl:hasDbXref	
WARN	missing_xrefs	abnormal anaphase spermatogonia	oboInOwl:hasDbXref	
WARN	missing_xrefs	abnormal telophase spermatogonium	oboInOwl:hasDbXref	
WARN	missing_xrefs	abnormal G1 phase oogonial cell	oboInOwl:hasDbXref	
WARN	missing_xrefs	abnormal S phase oogonial cell	oboInOwl:hasDbXref	
WARN	missing_xrefs	abnormal G2 phase oogonial cell	oboInOwl:hasDbXref	
WARN	missing_xrefs	abnormal prophase oogonial cell	oboInOwl:hasDbXref	
WARN	missing_xrefs	abnormal metaphase oogonial cell	oboInOwl:hasDbXref	
WARN	missing_xrefs	abnormal anaphase oogonial cell	oboInOwl:hasDbXref	
WARN	missing_xrefs	abnormal telophase oogonial cell	oboInOwl:hasDbXref	
WARN	missing_xrefs	abnormal G1 phase germ cell cyst	oboInOwl:hasDbXref	
WARN	missing_xrefs	abnormal S phase germ cell cyst	oboInOwl:hasDbXref	
WARN	missing_xrefs	abnormal G2 phase germ cell cyst	oboInOwl:hasDbXref	
WARN	missing_xrefs	abnormal prophase germ cell cyst	oboInOwl:hasDbXref	
WARN	missing_xrefs	abnormal metaphase germ cell cyst	oboInOwl:hasDbXref	
WARN	missing_xrefs	abnormal anaphase germ cell cyst	oboInOwl:hasDbXref	
WARN	missing_xrefs	abnormal telophase germ cell cyst	oboInOwl:hasDbXref	
WARN	missing_xrefs	abnormal meiotic S phase spermatocyte	oboInOwl:hasDbXref	
WARN	missing_xrefs	abnormal meiotic G1 phase spermatocyte	oboInOwl:hasDbXref	
WARN	missing_xrefs	abnormal meiotic G2 phase spermatocyte	oboInOwl:hasDbXref	
WARN	missing_xrefs	abnormal meiotic prophase I spermatocyte	oboInOwl:hasDbXref	
WARN	missing_xrefs	abnormal leptotene stage spermatocyte	oboInOwl:hasDbXref	
WARN	missing_xrefs	abnormal zygotene stage spermatocyte	oboInOwl:hasDbXref	
WARN	missing_xrefs	abnormal pachytene stage spermatocyte	oboInOwl:hasDbXref	
WARN	missing_xrefs	abnormal diplotene stage spermatocyte	oboInOwl:hasDbXref	
WARN	missing_xrefs	abnormal diakinesis stage spermatocyte	oboInOwl:hasDbXref	
WARN	missing_xrefs	abnormal meiotic metaphase 1 stage spermatocyte	oboInOwl:hasDbXref	
WARN	missing_xrefs	abnormal meiotic anaphase I stage spermatocyte	oboInOwl:hasDbXref	
WARN	missing_xrefs	abnormal meiotic telophase I spermatocyte	oboInOwl:hasDbXref	
WARN	missing_xrefs	abnormal meiosis II stage spermatocyte	oboInOwl:hasDbXref	
WARN	missing_xrefs	abnormal meiotic prophase II spermatocyte	oboInOwl:hasDbXref	
WARN	missing_xrefs	abnormal meiotic metaphase 2 spermatocyte	oboInOwl:hasDbXref	
WARN	missing_xrefs	abnormal meiotic anaphase II spermatocyte	oboInOwl:hasDbXref	
WARN	missing_xrefs	abnormal meiotic telophase II spermatocyte	oboInOwl:hasDbXref	
WARN	missing_xrefs	abnormal cephalic ganglia primordium	oboInOwl:hasDbXref	
WARN	missing_xrefs	abnormal eye primordium	oboInOwl:hasDbXref	
WARN	missing_xrefs	abnormal pharynx primordium	oboInOwl:hasDbXref	
WARN	missing_xrefs	abnormal pigment cup primordium	oboInOwl:hasDbXref	
WARN	missing_xrefs	abnormal testis primordium	oboInOwl:hasDbXref	
WARN	missing_xrefs	abnormal gonad primoridium	oboInOwl:hasDbXref	
WARN	missing_xrefs	abnormal protonephridial lumen	oboInOwl:hasDbXref	
WARN	missing_xrefs	abnormal testis lumen	oboInOwl:hasDbXref	
WARN	missing_xrefs	abnormal ovary lumen	oboInOwl:hasDbXref	
WARN	missing_xrefs	abnormal flame cell lumen	oboInOwl:hasDbXref	
WARN	missing_xrefs	abnormal cephalic ganglia progenitor cell	oboInOwl:hasDbXref	
WARN	missing_xrefs	abnormal dorsal epidermis progenitor cell	oboInOwl:hasDbXref	
WARN	missing_xrefs	abnormal optic cup progenitor cell	oboInOwl:hasDbXref	
WARN	missing_xrefs	abnormal ventral epidermis progenitor cell	oboInOwl:hasDbXref	
WARN	missing_xrefs	abnormal head fragment	oboInOwl:hasDbXref	
WARN	missing_xrefs	abnormal trunk fragment	oboInOwl:hasDbXref	
WARN	missing_xrefs	abnormal tail fragment	oboInOwl:hasDbXref	
WARN	missing_xrefs	abnormal prepharyngeal fragment	oboInOwl:hasDbXref	
WARN	missing_xrefs	abnormal postpharyngeal fragment	oboInOwl:hasDbXref	
WARN	missing_xrefs	abnormal anterior fragment	oboInOwl:hasDbXref	
WARN	missing_xrefs	abnormal posterior fragment	oboInOwl:hasDbXref	
WARN	missing_xrefs	abnormal lateral fragment	oboInOwl:hasDbXref	
WARN	missing_xrefs	abnormal longitudinal fragment	oboInOwl:hasDbXref	
WARN	missing_xrefs	abnormal plug fragment	oboInOwl:hasDbXref	
WARN	missing_xrefs	abnormal wedge fragment	oboInOwl:hasDbXref	
WARN	missing_xrefs	head regression	oboInOwl:hasDbXref	
WARN	missing_xrefs	tail regression	oboInOwl:hasDbXref	
WARN	missing_xrefs	decreased mobility of animal	oboInOwl:hasDbXref	
WARN	missing_xrefs	long animal	oboInOwl:hasDbXref	
WARN	missing_xrefs	increased pigmentation of the eyes	oboInOwl:hasDbXref	
WARN	missing_xrefs	increased pigmentation of the epidermis	oboInOwl:hasDbXref	
WARN	missing_xrefs	stationary animal	oboInOwl:hasDbXref	
WARN	missing_xrefs	epithelial ruffles	oboInOwl:hasDbXref	
WARN	missing_xrefs	pinched head	oboInOwl:hasDbXref	
WARN	missing_xrefs	pinched tail	oboInOwl:hasDbXref	
WARN	missing_xrefs	single sided head pinching	oboInOwl:hasDbXref	
WARN	missing_xrefs	single sided tail pinching	oboInOwl:hasDbXref	
WARN	missing_xrefs	edema in animal	oboInOwl:hasDbXref	
WARN	missing_xrefs	head edema	oboInOwl:hasDbXref	
WARN	missing_xrefs	tail edema	oboInOwl:hasDbXref	
WARN	missing_xrefs	underdeveloped eyes	oboInOwl:hasDbXref	
WARN	missing_xrefs	lesion in animal	oboInOwl:hasDbXref	
WARN	missing_xrefs	post-pharyngeal lesion	oboInOwl:hasDbXref	
WARN	missing_xrefs	loss of pigmenation in the head	oboInOwl:hasDbXref	
WARN	missing_xrefs	decreased pigmentation of the head	oboInOwl:hasDbXref	
WARN	missing_xrefs	increased pigmentation of the head	oboInOwl:hasDbXref	
WARN	missing_xrefs	abnormal pigmentation of the head	oboInOwl:hasDbXref	
WARN	missing_xrefs	scorpion tail	oboInOwl:hasDbXref	
WARN	missing_xrefs	abnormally inchworming	oboInOwl:hasDbXref	
WARN	missing_xrefs	slow moving animal	oboInOwl:hasDbXref	
WARN	missing_xrefs	fast moving animal	oboInOwl:hasDbXref	
WARN	missing_xrefs	immobile animal	oboInOwl:hasDbXref	
INFO	lowercase_definition	skinny head	IAO:0000115	skinny or decreased width of the head.
INFO	lowercase_definition	skinny tail	IAO:0000115	skinny or decreased width of the tail.
INFO	lowercase_definition	abnormal distance between eyes	IAO:0000115	abnormal distance between eye and eye.
INFO	lowercase_definition	loss of pigmentation in the eye	IAO:0000115	complete loss of pigmenation of the eye.
INFO	lowercase_definition	long head	IAO:0000115	longer, increased length of, head
INFO	lowercase_definition	long tail	IAO:0000115	longer, increased length of, tail
INFO	lowercase_definition	abnormal pigmentation of the eyes	IAO:0000115	abnormal degree of pigmentation of the eye.
INFO	lowercase_definition	abnormal pigmentation of the epidermis	IAO:0000115	abnormal degree of pigmentation of the epidermis.
INFO	lowercase_definition	loss of pigmentation in the epidermis	IAO:0000115	complete loss of pigmenation of the epidermis.
INFO	lowercase_definition	long animal	IAO:0000115	longer, increased length of, whole organism
INFO	lowercase_definition	stationary animal	IAO:0000115	anomaly in the ability to move whole organism.
INFO	lowercase_definition	loss of pigmenation in the head	IAO:0000115	complete loss of pigmenation of the head.
INFO	lowercase_definition	abnormal pigmentation of the head	IAO:0000115	abnormal degree of pigmentation of the head.
INFO	lowercase_definition	slow moving animal	IAO:0000115	slower, decreased speed of, whole organism
INFO	lowercase_definition	fast moving animal	IAO:0000115	faster, increased speed of, whole organism
INFO	lowercase_definition	immobile animal	IAO:0000115	anomaly in the complete lack of the ability to move of whole organism.
INFO	missing_superclass	obsolete abnormal gastrovascular compartment	rdfs:subClassOf	
INFO	missing_superclass	obsolete abnormal plane of autonomy	rdfs:subClassOf	
INFO	missing_superclass	obsolete abnormal Schmidtea mediterranea developmental term	rdfs:subClassOf	
INFO	missing_superclass	obsolete abnormal dispersed cleavage	rdfs:subClassOf	
INFO	missing_superclass	obsolete abnormal acidophilic cytoplasm	rdfs:subClassOf	
INFO	missing_superclass	obsolete abnormal cytoskeleton organization	rdfs:subClassOf	
INFO	missing_superclass	obsolete abnormal anatomical compartment subdivision feature	rdfs:subClassOf	
INFO	missing_superclass	obsolete abnormal acellular anatomical structure	rdfs:subClassOf	
INFO	missing_superclass	obsolete abnormal parenchymal compartment	rdfs:subClassOf	
INFO	missing_superclass	obsolete abnormal oviparity	rdfs:subClassOf	
INFO	missing_superclass	obsolete abnormal protosphere	rdfs:subClassOf	
INFO	missing_superclass	obsolete abnormal direct development	rdfs:subClassOf	
INFO	missing_superclass	obsolete abnormal tissue morphogenesis	rdfs:subClassOf	
INFO	missing_superclass	obsolete abnormal gametogenesis	rdfs:subClassOf	
INFO	missing_superclass	obsolete abnormal body wall musculature compartment	rdfs:subClassOf	
INFO	missing_superclass	obsolete abnormal ventral compartment	rdfs:subClassOf	
INFO	missing_superclass	obsolete abnormal embryonic cleavage	rdfs:subClassOf	
INFO	missing_superclass	obsolete abnormal definitive anatomical structure	rdfs:subClassOf	
INFO	missing_superclass	obsolete abnormal Schmidtea mediterranea developmental stage	rdfs:subClassOf	
INFO	missing_superclass	obsolete abnormal sphere formation	rdfs:subClassOf	
INFO	missing_superclass	obsolete abnormal basophilic cytoplasm	rdfs:subClassOf	
INFO	missing_superclass	obsolete abnormal coronal plane 	rdfs:subClassOf	
INFO	missing_superclass	obsolete abnormal epidermal compartment	rdfs:subClassOf	
INFO	missing_superclass	obsolete abnormal pharynx nerve plexus	rdfs:subClassOf	
INFO	missing_superclass	obsolete abnormal racing stripe	rdfs:subClassOf	
INFO	missing_superclass	obsolete abnormal cross-fertilization	rdfs:subClassOf	
